transaction_id,customer_id,product_id,amount_cents,currency,status,created_at
676cc211-6cde-46e7-b27b-1ac5baaae1f5,4bcf2dfc-3ba9-4c8f-8bca-182d58400514,basic,14934,usd,refunded,2025-12-02 09:28:51.405450
d4e2a527-2a99-4fba-b4ce-af5ecdc66302,504e69bc-11f9-4df9-8ef6-b2e291c1253b,enterprise,32236,usd,failed,2025-11-07 06:23:51.405450
2264179f-3b69-437b-93b9-17da8dcaf548,fa89fa39-b3ba-419f-8fef-f775ae4ee7a7,enterprise,31943,usd,succeeded,2025-11-06 17:44:51.405450
75f9c119-327a-4ed2-ad9d-d21ebea28f57,3dafcddb-e107-4bc8-9741-765237790887,pro,37436,usd,succeeded,2025-11-17 22:54:51.405450
a5c9d142-2979-419e-be86-6264cbe7c720,d89fa377-fcd1-43dc-b992-4bf81b2a69d2,enterprise,14891,usd,refunded,2025-11-27 00:56:51.405450
44d9325f-31b1-4985-95a5-5ca1e454c2a7,93e9eed4-f05b-49f0-bfd7-f14c39a0764c,pro,9466,usd,succeeded,2025-11-29 00:00:51.405450
d52829f3-66be-4f3a-90cd-eda4aa819549,5ea61bb5-51fe-4246-ab38-f30a9ac2cef9,pro,28678,usd,failed,2025-11-16 19:10:51.405450
f78549f4-1b60-46e7-8dc8-2df60a16045f,a26f7b0c-97f7-4076-898f-0875f9ed8f0c,basic,27470,usd,failed,2025-11-29 14:32:51.405450
66fbc5c6-a69c-4f13-9121-791f8ce69ddf,282b3a53-379d-4868-9299-fc8ae87d81cc,enterprise,43631,usd,failed,2025-11-14 02:33:51.405450
d7cfcab4-b3fc-40bc-936a-bb7a56122d6a,230c052b-86f4-4930-98eb-63c4934eb43b,pro,6451,usd,succeeded,2025-11-30 01:00:51.405450
c6f013fc-f79b-43f2-a4f4-13d1128229de,472c188f-b16f-4b65-92af-979f71110958,enterprise,45630,usd,failed,2025-11-21 17:08:51.405450
373b7b1e-6956-4b74-842b-3f392499818b,f761ce56-3c28-4dcb-9466-5d03049663cd,enterprise,18350,usd,failed,2025-11-19 12:22:51.405450
3afe96cb-e388-4cf1-a99f-3c49a08662f8,f313de15-003b-49ef-a3bc-988654b651b8,basic,9096,usd,succeeded,2025-11-07 07:23:51.405450
042f62fb-9779-4695-a9a3-8ea9f8df1f11,1cb49b57-cff5-406f-a193-d04128783190,enterprise,42749,usd,succeeded,2025-11-23 09:40:51.405450
4f062bfc-0b55-4b76-86cd-ae2fbccd9f7b,99a03a01-e467-4c06-81ed-f5a02212dc3d,enterprise,47602,usd,succeeded,2025-11-10 15:01:51.405450
1ed49308-1d77-49ad-9ccc-039fc82da55a,fd22c29f-5212-4ce7-902d-de320d81d410,pro,10144,usd,failed,2025-11-14 23:02:51.405450
7f833382-860d-44b7-bf60-52003101be43,6ebbc3c8-cedc-4b11-be26-fe4335f6881b,enterprise,2256,usd,failed,2025-12-04 16:46:51.405450
5d148129-a847-4ad6-850b-853639fdf60b,96edd811-ae35-4150-a226-e991c2ca757a,enterprise,6587,usd,succeeded,2025-11-10 01:52:51.405450
c59c1a76-00a5-453b-ab7e-e078f6b5b285,e93af8e2-870d-42b9-9791-14ff5cc47463,basic,22347,usd,succeeded,2025-11-17 04:13:51.405450
e7295eec-c9b3-4ef4-bcbc-776d79a86938,364d6da7-32dd-4977-ae0b-322bcb14d73c,enterprise,4832,usd,failed,2025-11-20 01:57:51.405450
e9c83fcb-8ddb-4f78-b562-d5ab21a6ecfe,607cca99-7f08-4228-883e-8fc80cde1e03,basic,44105,usd,failed,2025-11-20 20:18:51.405450
e751c6da-03f5-4ca3-8191-df6baa8e94ff,f53a3253-c268-4e4b-b2db-b5e1109678f6,enterprise,27382,usd,refunded,2025-11-26 10:01:51.405450
147fee56-a84c-4766-8675-5d62bc916a6d,fa9d2837-c7a3-4966-bae0-b8fd7026ca83,pro,3128,usd,failed,2025-11-29 09:23:51.405450
0d58fb07-0dfb-48eb-9a18-5712cf0b4f0f,4e0f24d8-2a0c-49a4-8970-e4a063522760,basic,45024,usd,succeeded,2025-11-11 01:44:51.405450
5c53ee55-c1d5-407d-b370-23d2dee9fd23,14fceae8-65dc-4d06-9bc8-e7fff08795a1,basic,17034,usd,failed,2025-11-25 03:07:51.405450
8edaaccd-8b44-436c-8443-083f03e1601a,bc4cfb9c-3cf0-42f1-a92a-715e68ea0b0c,basic,18506,usd,refunded,2025-12-04 20:02:51.405450
5f68f32c-5f09-4dbe-b97d-150e3a807b63,18a976b5-50ae-4d37-854a-dff0940d0aa5,enterprise,19632,usd,succeeded,2025-12-04 22:13:51.405450
49d07341-d8de-4873-a333-fff3d5ae4a6f,d207fcf7-bb9e-4c08-8df1-cad6a500cc4d,enterprise,36113,usd,refunded,2025-11-10 14:56:51.405450
6d1a28bf-0ff1-439e-922c-ba3457bc487b,174a8711-edd6-4b10-8f77-1b7101809ab5,pro,13009,usd,succeeded,2025-11-14 13:10:51.405450
a3f74bc0-d147-42f6-913b-26caba99cdf0,9f6c3fdd-52f1-472b-b7b2-0d3562cea4a0,pro,5491,usd,failed,2025-11-18 20:43:51.405450
0c26620c-8a97-4955-9bd1-0857aa950d50,938cdee4-82fe-4829-854c-12fc0ced5b7a,basic,27231,usd,failed,2025-12-02 04:50:51.405450
33f80d9d-4bb8-4922-a51d-22769fd5e4d0,8c09be1b-aff4-4c3c-a1b0-66d6412c5711,basic,48759,usd,refunded,2025-11-20 01:29:51.405450
af825ed0-cf91-406c-a021-f772c490a542,5eba6898-eb72-4b7c-84a0-b8e573052af0,enterprise,29819,usd,failed,2025-11-26 10:52:51.405450
5e90c25c-07c8-45c8-8279-aef964176407,da7faa9d-4b62-465c-abe7-a9a67022638c,pro,3770,usd,refunded,2025-11-29 12:06:51.405450
5b70cb68-d58d-4a83-9546-9d511363e3e2,2c56e46e-7802-4b0f-9319-32903963bffc,basic,33401,usd,failed,2025-11-26 07:54:51.405450
3d974ae5-e241-4aee-ab57-75df5197847a,cd4b99ba-f27c-4ee3-a43d-fe9f6193a7e6,enterprise,38845,usd,failed,2025-11-24 14:51:51.405450
d0dc2d64-7027-4e35-a518-88c7d0b1cb40,d50b6306-8f99-4810-895b-e1f17ee1783a,enterprise,36054,usd,refunded,2025-11-19 23:25:51.405450
d8ba99e5-c91e-4b98-89d2-740fcf024c7c,4ac68f9f-4573-424e-baab-914dc5492c0d,pro,28316,usd,refunded,2025-11-13 00:24:51.405450
af41e290-f6aa-4f12-81e5-6107cbb87f74,a3228e9c-8f52-4763-814c-92ebf1deb8e1,pro,2044,usd,succeeded,2025-11-13 10:58:51.405450
37631ff3-4dab-4354-b0ea-07b2deb31164,84ce9111-9aba-4e43-9e43-e8830e321e28,enterprise,7373,usd,refunded,2025-11-20 16:51:51.405450
4086af43-188d-4f88-a563-a9990766a080,82f98e41-719e-41ae-9c56-15f3e1f90d13,pro,12745,usd,succeeded,2025-11-30 10:37:51.405450
989fd096-1674-4de9-b655-1dd7388ae993,08bb563a-be35-440b-80f5-a0abbd2a49ad,enterprise,1723,usd,succeeded,2025-11-16 10:24:51.405450
8fe99060-5f84-4ed0-a67d-c1aaee6fc54b,e4829810-e6f5-4d07-ba12-65aa9a152b2c,enterprise,27851,usd,succeeded,2025-11-29 09:06:51.405450
31be96c9-a163-4716-9848-d0b7f9e4222d,5dc9593e-310b-46d0-b03a-b1f79de36f0d,enterprise,7041,usd,refunded,2025-11-28 11:39:51.405450
dcc2b965-3a18-4c1d-87e6-d8dfe64f68db,5d98add8-82ea-4203-8806-946308b880d8,pro,8993,usd,refunded,2025-11-25 21:11:51.405450
ea77e9d2-2481-44a6-95df-f57bfc1dbe17,d2ea6087-5aa6-483e-b1e9-498b511a9589,basic,46204,usd,failed,2025-11-09 12:31:51.405450
f06dec71-209e-4d69-a8d7-11c8f97eaf82,8d7a32c2-faf1-43b5-8f36-924429e95d51,enterprise,45457,usd,succeeded,2025-11-16 01:32:51.405450
535d3c2f-cd6a-42c7-a587-766b266637c5,0e77647e-1f3a-4b5e-af14-631def9fd18d,basic,16608,usd,succeeded,2025-12-01 09:42:51.405450
a06c32af-3e68-48ac-b591-6a3f4c440ff9,68d0e52c-dff9-4f02-a547-c8c35058e39d,enterprise,45846,usd,failed,2025-11-10 12:18:51.405450
d15121ab-02f0-4f2f-8e8e-9b73f2cfbda1,ac79f5b6-f6df-42d8-bf86-0779b76c8c0c,pro,45391,usd,refunded,2025-11-16 17:26:51.405450
8e382680-e6ab-48ad-9f5e-e41fdad7dfe7,f1cc4c12-3512-414b-a23e-eaf4af7a642d,pro,23538,usd,succeeded,2025-11-19 21:27:51.405450
6f447473-2085-4505-a7b2-182e002a1e71,b7d06cb2-9062-4243-8d25-8f2e4eedd36b,basic,2088,usd,refunded,2025-12-02 23:00:51.405450
a01752b9-0531-4f2c-b3ad-078e8355d98f,74d8c98d-0470-476b-8153-37f4090422eb,enterprise,32781,usd,succeeded,2025-11-20 10:48:51.405450
19636401-65fb-4186-89fb-758ee25ef062,83f0691d-1e24-4600-9d83-f851dbc7970b,enterprise,13223,usd,succeeded,2025-11-15 18:41:51.405450
96b7a722-3cf4-4761-978f-e38af57d9a13,40135e79-d32f-4aac-be71-fea77bf7497c,basic,3019,usd,failed,2025-11-11 07:20:51.405450
e6e1aeff-90b7-49fa-be0a-c1a84cfc74b2,f5035a51-a55e-46ee-9e55-66805695195e,pro,19307,usd,refunded,2025-11-14 17:09:51.405450
fa6110c1-84ff-4183-b460-fa5eead456f9,25da6643-7b2f-4469-890b-10891824e48e,basic,46606,usd,succeeded,2025-11-24 03:04:51.405450
ccd4bd5a-3830-4d4f-8a2f-58850490c095,db164dcb-fdb7-4613-8316-ffb477ea060e,basic,35194,usd,succeeded,2025-11-20 01:07:51.405450
d0008b6f-32bf-4979-ab95-1e415e59cb30,c3da30b0-6309-43ee-bf26-68f1dc70bb9d,basic,40571,usd,failed,2025-11-21 09:26:51.405450
6f46bc9e-e807-40e1-b0e9-6ab0d3cab5d1,dc10893c-52d5-453b-b3aa-2e83e9d107fb,pro,10681,usd,succeeded,2025-11-25 13:23:51.405450
9e5ff41a-ce2f-4634-9124-ebc657fd5b08,988af245-ca74-4115-a603-0c2c5d30a966,enterprise,47826,usd,failed,2025-12-01 08:38:51.405450
741d7c42-3d50-4d41-9255-c6e0cae8b4e4,a0106e67-7cb6-43cb-a542-9709b15c4ee9,enterprise,35674,usd,failed,2025-11-28 19:08:51.405450
b81946af-b520-46ab-95c8-6493766524ef,e5c19191-e01b-4f67-84aa-91247f1c4c70,basic,47742,usd,refunded,2025-11-28 14:01:51.405450
59d1bd20-7e1b-4849-827a-9e0a84901661,89f7f679-0cdf-40d6-861f-5f715fa08b49,pro,42750,usd,refunded,2025-11-18 05:36:51.405450
0882f529-2184-4855-9fa5-06d24dd4a2ab,9aac63cb-bf82-41b8-bfd8-a7fec0e408ac,basic,15897,usd,refunded,2025-11-26 10:35:51.405450
56347716-54ca-4169-9799-bbb6140537b0,97718fd8-c2d2-4d2f-a87b-0bd24bc45c28,enterprise,20875,usd,failed,2025-12-05 06:46:51.405450
f60750b4-ba67-4db2-942f-3d8f058549fd,a8020eba-a28a-4afb-befd-544204875c16,pro,38089,usd,failed,2025-11-20 07:32:51.405450
eab5124c-0166-4559-995b-d38e5cf0a65b,b9831a63-c354-4945-923d-1dc238d31e20,pro,16474,usd,succeeded,2025-12-01 05:58:51.405450
9a10a7f9-5b8f-49c8-9b3b-e1fc283822a4,198ae05c-19ff-4ce4-9d89-ac5a2ec79396,pro,27620,usd,refunded,2025-11-19 12:17:51.405450
28d632bd-53a2-4396-af60-251e068a43f4,f5719519-67a9-4d72-93a8-d6b64a7d282d,pro,45374,usd,succeeded,2025-11-16 00:55:51.405450
8892b90f-13ed-4d94-8c06-cb18c3749e98,43698efc-9de4-41d0-bc15-6373db30ab68,basic,47027,usd,failed,2025-11-29 02:37:51.405450
c9f4bf74-2967-4ad8-bc42-d8b3bb8ed390,5d3085eb-014c-4362-86ca-97f09637a48d,pro,18256,usd,failed,2025-11-25 14:41:51.405450
8ce9a268-dac2-439d-b551-1c49786372b9,525937e4-d5f1-480b-807f-477e9677df96,pro,39431,usd,succeeded,2025-12-04 11:09:51.405450
f3c0bd01-4cd6-4bf0-9b5f-583e4652067b,7971d3a1-d6aa-4bcd-9a8c-cc7e4669e9a6,pro,12176,usd,refunded,2025-11-16 01:17:51.405450
5ef51e3c-8fbe-451c-b686-4eeac084fcab,653369f9-b851-4cbd-84aa-5ccb7209324e,enterprise,19723,usd,succeeded,2025-11-21 06:16:51.405450
b221d33f-bba4-499a-af5b-d31cf996d753,5f6656c8-fa4d-41be-b1b6-22ac0423b9e5,enterprise,14830,usd,refunded,2025-11-20 10:11:51.405450
44d51e3a-3ac1-43b3-8caa-adad8247848a,579eb6b0-c70a-47f6-8be0-a994d3fd1ef1,enterprise,25838,usd,succeeded,2025-11-25 17:04:51.405450
92793847-57df-4490-a627-32acd96c8798,b113c4c9-7c70-4313-88ae-61547e7e4644,pro,49995,usd,refunded,2025-11-25 01:06:51.405450
af6f32ec-c1a7-4824-9374-2773cadf7721,cec06e2c-77f2-430d-abaa-70428d8cb31c,pro,31618,usd,failed,2025-11-11 11:10:51.405450
51ba610f-885c-4e9e-a223-015d43fbf4ef,e3c2ecd9-5dec-4562-952c-e14fc2d0e613,enterprise,4212,usd,succeeded,2025-11-19 02:32:51.405450
e1fd37c9-d7a9-4f52-a2f6-585a028afb98,f482af5e-575c-4cf8-98ce-59ef3c84c524,basic,10724,usd,succeeded,2025-11-21 10:04:51.405450
e9c25440-48f8-4965-ba17-8a639c6370d5,5553f911-c3db-425b-8732-d628646de33f,basic,11349,usd,refunded,2025-11-18 15:02:51.405450
ce29749d-5fc9-4997-882e-74c5331e6f17,14072965-5a80-4a51-bb06-3d044400f477,pro,7268,usd,succeeded,2025-12-03 08:57:51.405450
bfa0d948-a277-4678-9eb6-82a0d1a5b198,e06ef0f0-df38-49d6-ba18-75a935fa200b,pro,30063,usd,failed,2025-11-24 07:41:51.405450
235fc1e0-21f7-401d-83ed-2453133a9f0e,83f19086-70aa-4d2a-a6d4-2b3ee49dd2ef,enterprise,35990,usd,succeeded,2025-12-03 10:10:51.405450
56e85d22-c74e-40de-bd4a-5bf37856326f,528aedf2-e23c-4f94-874b-ae220aff803b,basic,14258,usd,failed,2025-11-19 20:29:51.405450
5d66bb8b-7819-4c7c-87d5-79ca0ef1afef,a04f1728-a1c2-4f3a-83af-58afc9c75020,pro,5556,usd,succeeded,2025-11-28 17:43:51.405450
8e4f6d3e-698b-4f70-bffe-cdd9e31ac836,122b1cf2-f8bc-4fb4-aef6-236db20dff58,enterprise,8292,usd,succeeded,2025-11-10 23:08:51.405450
2d8999a8-d56d-4555-9491-69efa5ddf5e4,8e2903d6-9844-41b5-aefa-e208f613d794,enterprise,44032,usd,succeeded,2025-11-17 10:55:51.405450
6306b995-87b6-4daf-a5b5-855b408125a0,cd8c4982-9ea6-4c63-8e13-771b92c9f3b0,pro,29130,usd,succeeded,2025-12-03 06:18:51.405450
34b59d55-6419-40dd-b32c-382abcac25b2,5a7ea14d-0b00-46ad-b450-bef8fb246981,enterprise,969,usd,succeeded,2025-11-12 08:44:51.405450
520d45da-96d3-4901-a82b-488ece469f47,e091a8df-c7b2-4eb1-b786-1b4bbea2a31b,enterprise,9663,usd,refunded,2025-11-12 12:01:51.405450
f5203b2e-36b8-4990-9462-6751633ed740,703d39f7-d913-4b64-a0ed-80bb064fe463,enterprise,37750,usd,failed,2025-11-24 03:27:51.405450
0f88ff29-e481-4173-ae58-e83ccc2c2191,7e793be6-2d53-423f-8f77-8f18ca9dd2c0,pro,5277,usd,failed,2025-11-29 05:59:51.405450
db482caa-ee9e-44e5-86a9-8c69c5fcfd27,e8e84b85-4405-4360-8b40-06117ad555c9,enterprise,19617,usd,succeeded,2025-11-24 12:56:51.405450
ef593ad1-9f20-41fd-ba19-3bfc5a15e0f2,e41ac828-7cac-4102-9ef5-e9f11988026a,basic,14255,usd,succeeded,2025-11-14 01:36:51.405450
6da61d7f-535a-4320-bac9-62201ce5f092,cc28f1f0-2136-4db3-a284-889c8558ed8a,pro,1690,usd,succeeded,2025-11-19 06:00:51.405450
f06a3dd6-3eb4-4dfb-91c6-42a5813b13fa,c4f564a6-74b4-4403-a9f1-97b70003d6ef,basic,22539,usd,refunded,2025-12-02 07:54:51.405450
315e5df2-6a36-4f7e-8de2-82561f7a2311,4436fb22-cda1-4323-9274-c596c12be4e6,pro,36755,usd,refunded,2025-11-09 08:01:51.405450
3bc26d0f-c4e3-4d98-83e9-8064b861161d,3a4010f7-1690-4c41-bbdf-34b09403b13b,pro,28975,usd,failed,2025-11-10 10:45:51.405450
dceafc08-4153-438b-8377-9b197e32c352,cba0cf4e-1919-414e-9645-70d7d10b9183,enterprise,26296,usd,failed,2025-11-21 05:18:51.405450
c68b928d-c264-4045-a5c8-679fa5326312,9fc0a5a3-b3ad-479d-8e3a-33b9acec4458,basic,45200,usd,refunded,2025-11-20 10:06:51.405450
3ea35370-122f-4d97-a234-1f69a95921b0,8963ed98-8de9-40a0-b11c-2afaf59a4249,enterprise,28340,usd,failed,2025-12-03 16:48:51.405450
cbe3259d-586a-493f-a95d-9dadb3db2a29,d3bb04f2-ea1d-4dc8-a3dd-51a2ab1bc44e,enterprise,9317,usd,refunded,2025-12-04 19:33:51.405450
53717648-ee67-4735-8226-b3cadbd7b138,ecc57b1e-7508-4f7a-8ec3-a8044ca3697a,basic,2938,usd,refunded,2025-11-13 02:41:51.405450
ba34122d-39f6-4b2a-94ac-8706fa4d16fa,16adf7bb-0bbe-4112-bbcf-2b474a8fd538,basic,14836,usd,succeeded,2025-11-19 04:31:51.405450
dfd1dde2-49e9-4a5a-9ad5-7dbc8164ed27,407dcbaa-6983-4251-b4ad-6d3e5eb05c96,basic,2086,usd,failed,2025-12-04 10:19:51.405450
f71090fc-1eb4-4f5a-9e29-1249f197bd6a,ebe94876-f09a-4892-a215-d98ab50122c2,enterprise,34974,usd,refunded,2025-12-04 23:48:51.405450
9a48aa85-358f-4b96-aea1-7b7fda4cd6de,dce33387-041f-48a5-a773-91d71a739217,enterprise,37587,usd,succeeded,2025-11-19 15:53:51.405450
546a20c6-b0ff-480b-842c-074099a22054,08ae70dd-41c7-450b-83dc-7ca6be4064aa,enterprise,5838,usd,refunded,2025-11-30 06:21:51.405450
e0a4053b-b952-44a8-aeff-f3c34dff5ece,2e21bd4c-45d7-4817-89e1-09f334db513f,basic,5020,usd,succeeded,2025-12-01 18:04:51.405450
a18d1c40-5abd-4df1-b70f-a00ff6c04525,c7b437d0-73f4-456b-a6d9-b491a320ea69,pro,5273,usd,succeeded,2025-11-19 02:51:51.405450
5829328b-e7d9-4f1f-ac76-cded5cd541be,fe47be0d-72f2-4428-9100-6cabd5773efb,pro,21593,usd,failed,2025-11-08 23:38:51.405450
7b46e1ea-d77e-4b06-a4f6-37d0353a7dbb,d85e8c15-7ff7-4ef7-a64b-708504686f33,basic,48120,usd,succeeded,2025-11-16 04:40:51.405450
ec9db952-48e8-4021-856c-3a0fab2b420e,6b330b62-e0f4-4a87-bbdd-a78151a10593,enterprise,45073,usd,refunded,2025-12-02 09:11:51.405450
1e2890b1-f623-479c-815b-7dab03d327d9,bf2baecf-4de6-48bc-8ccb-8908b9d41d30,pro,25924,usd,failed,2025-11-16 00:53:51.405450
d37f8f9e-30bb-48d2-803a-c7bfb0caddf2,b7a185b5-997b-4ed9-8640-3650994ca929,basic,46748,usd,succeeded,2025-11-19 04:31:51.405450
0764d7af-83ed-4bcf-afa6-ddbc8a43d682,92bf8580-0a99-45b4-ae1c-c3f664c13bfb,pro,24146,usd,succeeded,2025-11-07 18:00:51.405450
22c82898-e448-4cb8-98ab-9b1b10f6b2b8,ca2b412e-a435-42e6-b244-933eee67a75c,pro,40672,usd,refunded,2025-12-05 01:01:51.405450
4af9a5b5-e54a-4eb1-8497-e74223734b9e,c8738137-e675-46ef-9740-7848f003fd2a,enterprise,48057,usd,refunded,2025-11-27 11:55:51.405450
dad7b509-d89d-4e92-82d7-d54d6563a5cb,1d61fc89-cce0-4ef9-afdd-519fd366f703,basic,10934,usd,failed,2025-11-11 16:06:51.405450
a8b29104-7075-4cb6-8f29-f486cddd10e9,ea60c1d5-91d7-4435-b7c3-f807e86687a5,pro,36072,usd,refunded,2025-11-23 15:40:51.405450
d2b8e9d1-e7a1-4f74-985d-01fb6c401ac2,9ff5416c-fd1b-4352-96cf-edb56bbbaaf5,pro,23304,usd,succeeded,2025-11-05 22:34:51.405450
e9a10f4a-3fc8-46bb-9d9f-c60dc034ea0e,02aa802a-b7b8-40c8-bf8d-d76356f6a38f,pro,4056,usd,failed,2025-11-19 10:30:51.405450
844fee44-44f9-4638-8988-acbbfb484651,6df51f46-ca51-4e5d-b6c5-60090b0a2f3c,enterprise,18669,usd,succeeded,2025-11-12 16:42:51.405450
ead0e74c-d4f2-4d92-871b-002f9877899a,42bfcc6e-67fa-4190-8171-85e24c6d57e5,pro,48122,usd,failed,2025-11-12 18:19:51.405450
9b16d268-2aa8-4596-906f-97022f6fc0f4,d0a403b8-6834-404d-a9c0-44119ea1fd35,enterprise,8856,usd,succeeded,2025-12-03 02:09:51.405450
102a4736-c712-4dd5-bc86-b5cd660e5bac,6217ddfe-4ff7-4045-820d-2e4e099fa305,pro,2320,usd,failed,2025-11-13 16:51:51.405450
844829a4-6ffd-455e-b202-df82ab626e7a,9a96234d-4024-4386-8089-63457a8d2689,pro,14216,usd,failed,2025-11-10 02:06:51.405450
4557b697-689f-426c-b97b-a7f3d984ab7e,e4276597-51c4-4b29-8286-24930b9666d2,pro,23305,usd,failed,2025-11-18 04:01:51.405450
a46e8e80-96c7-4a2f-a4fc-e89c8cd1c97b,1146d353-9724-4532-9421-0b2fafd19ec9,enterprise,43707,usd,succeeded,2025-11-12 11:01:51.405450
830718d7-588e-4353-a4c1-f34af5849bcc,00ab9798-8069-4072-b30d-6d5b5f5b83ea,enterprise,40198,usd,refunded,2025-11-20 08:48:51.405450
136ccce2-775f-4d7f-a245-13870533bcc5,feab1217-376d-40c0-a536-289bf3012767,enterprise,40398,usd,succeeded,2025-11-28 00:00:51.405450
7f06472b-dfac-4f98-8b95-277aa0af9f43,ec575b41-e9e3-4a6d-877e-b6ef6e097d0b,enterprise,47051,usd,succeeded,2025-11-23 09:39:51.405450
adb943a3-d5cc-48e3-b179-5931be73b0e3,eac156ac-f9c1-4d43-868b-312445c93afa,basic,4271,usd,failed,2025-11-24 23:36:51.405450
1eadc0a4-6c67-422b-ac7d-d3834846aad0,d75516cf-f716-4e9d-ba72-12cae5f8418f,pro,32347,usd,succeeded,2025-11-25 07:47:51.405450
c0c70f7b-9098-46ee-9a22-3d089d17e955,1c8b8133-b2ab-4578-ab94-53cd9f265596,enterprise,39249,usd,refunded,2025-11-05 16:13:51.405450
c5c7b591-0ff4-436c-b14e-4c59a6c8ce26,a75d4abc-c4f9-4b7c-b49c-fa95c473adf6,basic,23217,usd,succeeded,2025-11-07 23:00:51.405450
8f3472a3-2b00-41cb-823d-3ef2d2b7dc68,855ac7e4-3c51-4c72-a7e5-d40934030dd4,enterprise,47006,usd,succeeded,2025-11-12 14:15:51.405450
e8332682-b42c-4f9d-a379-e5026ed67ae8,e5ae782c-907b-47b4-95da-2079de7761c4,basic,30475,usd,failed,2025-11-06 21:09:51.405450
9c98e2f4-14ee-4dfa-a7b7-d1013b43f3c2,dc02fd9d-d06f-4c08-b09f-49c030b3f867,pro,11472,usd,refunded,2025-11-12 20:08:51.405450
9d674ea6-0799-4b4e-a70b-0aef7876e009,9aaef729-21f4-42b7-b8a9-1c3aab964eee,pro,18772,usd,refunded,2025-11-22 04:18:51.405450
95ff7e97-aa4d-45b0-ab03-8d6080cc8851,931e1853-4f08-4649-a09e-609b87384327,basic,34057,usd,succeeded,2025-11-19 02:53:51.405450
b757c9a3-5e4d-431b-a86f-ef33d0b6a876,a8f28c61-ba06-48f6-814f-b845b2e8c608,pro,43569,usd,failed,2025-11-08 05:21:51.405450
06b9a82d-f02d-4f8c-a4a0-a0fa94ec8fb9,5ca1191c-ad4a-47fd-9065-3e2801128507,enterprise,10563,usd,succeeded,2025-12-05 04:20:51.405450
b34ce85b-8f58-4b80-8d35-a396b7354350,fac83d0a-7bf1-4a35-9ba8-0f970a3f20d8,pro,1074,usd,succeeded,2025-11-16 18:24:51.405450
0721d3dd-1481-4e33-a220-94368d2503ff,e6019990-945c-4dfe-9ec4-2d081fdbb576,basic,4782,usd,failed,2025-11-21 23:25:51.405450
fbf85a6e-ad3d-4169-b859-275b731c92f5,6f9bee67-37dc-4df6-a40f-6facac42e20f,basic,20144,usd,failed,2025-11-19 06:37:51.405450
4fd82fe5-fdda-41f2-9ac2-434f10702638,9c7057ed-f826-4f91-811f-a1f91a5db602,basic,17496,usd,refunded,2025-11-12 00:56:51.405450
739b37f4-c537-498d-a463-b41145ad2ac4,014fbf96-6406-4a2e-ab27-dfa40dcd4063,enterprise,26075,usd,failed,2025-11-26 04:13:51.405450
034bf01e-5b7a-412f-b9db-a1b4b57a2896,08300c07-8945-4109-8355-664caa9e261b,basic,13525,usd,refunded,2025-11-14 12:40:51.405450
2f0377a5-69d9-4307-8f68-13dee59856d2,e6a908e6-961f-4346-991f-ae28629b9a2d,basic,9703,usd,failed,2025-11-16 00:48:51.405450
13456c2d-a6a5-4912-827a-43ee8dd9c2e2,ae0240bb-d18d-445b-824f-3587acef41a8,pro,17752,usd,failed,2025-11-07 12:00:51.405450
eeca00b2-0e6f-4808-b5fb-8f203881b232,b2ce841f-8878-4981-b453-d98d3f6e536b,pro,28304,usd,succeeded,2025-11-07 21:41:51.405450
6ba6a9eb-3d0a-4bdd-ae89-12ea86c9dc19,41763c0d-da7d-4a45-b3d2-4240d6c010ef,enterprise,12124,usd,succeeded,2025-11-13 16:05:51.405450
1622e711-210d-4714-8bd9-b03d7d85e57e,befe53b5-7593-4986-aa64-a72b1c622d37,enterprise,37088,usd,succeeded,2025-11-19 11:36:51.405450
a0ccdb4b-c761-4022-a744-87384d420060,2e07f4e0-3df2-42c7-bf4d-00fa09f9a5c6,basic,36600,usd,succeeded,2025-11-07 14:21:51.405450
57e5cca4-40ed-4b1c-9ec0-5eec56a73578,a2c79ace-3401-47e2-8b07-b12c05a5b969,enterprise,43525,usd,refunded,2025-11-26 20:42:51.405450
30dc126a-bd50-4744-a8e6-eb9ea63cf352,6cfd4a56-70f3-4f41-88d5-d26078242803,enterprise,28001,usd,succeeded,2025-11-17 08:15:51.405450
19767ac2-7ddc-43dd-b2c4-a8fd0f407cf2,5044afc2-b1fb-49ce-900c-06c27d7b1946,basic,17628,usd,failed,2025-11-12 14:57:51.405450
52ce1789-d76d-4b64-b52d-a36b1f5ff9af,75b5966b-b510-4f29-8c47-21102ce381e0,enterprise,36493,usd,failed,2025-11-08 01:34:51.405450
b1eb1ef6-4118-460b-b253-92b3120b653d,bfd7d7c4-fa81-4a2c-be4a-597feb0a4d83,pro,24572,usd,succeeded,2025-11-08 00:29:51.405450
789d611a-a716-49cb-b998-79650f4d8901,35c61b19-1705-4cdf-9161-3cab4000f953,enterprise,48545,usd,succeeded,2025-11-19 06:10:51.405450
ab211761-9290-42bb-a820-309666f8dab1,8c1d514b-4ddd-465b-bc19-089245d532ab,pro,31140,usd,refunded,2025-11-08 11:31:51.405450
6a4d69ae-ce71-422d-9fd3-ab9b19a62bd7,31bf4990-8dc3-426b-a5e1-1e2643a6b01e,enterprise,30452,usd,succeeded,2025-12-03 16:14:51.405450
7ce0dced-b5c9-400f-88c0-8e7b580d5c6b,0bed0f20-3fcb-45cd-8c92-35e15370e27d,basic,48445,usd,failed,2025-11-15 01:44:51.405450
053497c0-3051-460a-be39-f8267140ba4c,b4bbc773-c3de-4139-acef-3178eb6b86c2,pro,7828,usd,refunded,2025-12-02 22:32:51.405450
295410ac-3780-490d-a3fd-00bd93f01721,ba985776-115f-4540-89b9-9c0062c99140,pro,15975,usd,succeeded,2025-11-08 08:16:51.405450
0b4b6010-c87c-4cbe-beaa-8addd82949dd,c154105b-66d0-4a53-800a-8cab1840fb3a,basic,4317,usd,refunded,2025-11-10 02:42:51.405450
c8d542d9-b333-44eb-bb02-ff105882613b,74f5cf94-b79c-4c88-8598-fb49d21b3af6,pro,3157,usd,refunded,2025-11-30 02:59:51.405450
0a74b645-e3c7-4ed6-8d01-815449274391,2feb9a5d-a9da-483c-b025-4578e1f00258,pro,44875,usd,refunded,2025-11-10 05:20:51.405450
c0cb54d7-55f3-48cd-8d10-ddda4d238a0b,3c151d33-4358-404b-b8a9-d8350233580e,basic,3570,usd,failed,2025-11-24 18:37:51.405450
5b28be4c-ad03-4448-9448-e3d5d2ec5de2,aadaddd9-c0c9-4412-9dd8-cfc7d778179f,enterprise,11239,usd,refunded,2025-11-27 02:27:51.405450
5701fd7a-bf35-4d36-92f3-0b6601e8c73a,4ecf2256-4b4d-4a47-8361-4c0b08e165cc,pro,48995,usd,succeeded,2025-11-14 23:01:51.405450
40f5c23c-5317-425e-9124-badbec51562d,1366d005-2083-441c-9381-3e806ad52279,enterprise,5979,usd,succeeded,2025-11-30 17:25:51.405450
2a9f928a-7817-4a62-b1d3-20deb7495d17,2ef5e331-6fb0-42bd-ab3f-6982fe9a353d,basic,41808,usd,failed,2025-11-19 21:12:51.405450
e3122974-0df9-4754-b0d9-23976c985ec6,a89e4c5c-8608-49c5-a23a-0f04150b1c4a,enterprise,12807,usd,succeeded,2025-11-23 20:09:51.405450
1fa0bee7-13cc-4240-b352-94e2a7862943,30792705-7534-42e4-ad1e-35382961260d,pro,22000,usd,refunded,2025-11-19 01:48:51.405450
bdd9b086-c1b3-477e-a686-839fd2e20b8a,d9486101-bb00-4281-b083-af649c8f9c40,pro,28992,usd,succeeded,2025-11-08 04:23:51.405450
219e3184-d28a-48f0-af08-506d93c082a9,d442527d-d6df-4092-9c5c-45948c8c5c73,enterprise,4022,usd,failed,2025-11-19 02:24:51.405450
56d62365-3dfd-4e28-8b8a-b61dd4fb9791,eba77940-a8af-44e7-8e71-ef8085cb0f68,pro,46195,usd,failed,2025-11-20 14:56:51.405450
3591cd96-afa6-41b7-a761-49dcc8a151cc,d5f92a28-f51d-48b5-8d45-9cc4a9046d92,pro,47296,usd,failed,2025-11-08 16:11:51.405450
47524b72-32e3-44a2-8c52-35d14dae89f7,293568fd-1ae1-446f-a3ff-9e70c79af62b,enterprise,14488,usd,succeeded,2025-11-11 18:50:51.405450
581c504c-ffde-45ad-9895-ddacd6941508,0ac951a0-bbcc-40f9-8a70-7abdf6dbf324,pro,5684,usd,succeeded,2025-11-17 23:20:51.405450
e2b8ccdf-4e98-4c4c-8e04-4a2a01b21fc8,643c8588-820b-4281-9672-8a93d01deecf,basic,647,usd,refunded,2025-11-17 15:03:51.405450
66c926af-0ffe-4e55-99ab-a07a5e736650,e308f4cc-8c11-483a-9106-e7a898b8fcc9,basic,29139,usd,succeeded,2025-11-12 10:54:51.405450
1d4ab492-4a31-4567-b399-49a1dff86a00,572b62a6-42e6-4332-be18-18f029145a95,enterprise,40218,usd,refunded,2025-11-26 06:51:51.405450
ab380ee1-d9cc-424e-82b6-874eeaddfeda,b42f250d-8ff1-4c13-97c8-a69691990ae0,pro,3165,usd,succeeded,2025-11-09 19:04:51.405450
c8dfa55f-533e-4089-8989-a5381e87e49e,3caa6f6a-62e8-4b0e-b1c5-2cea525e75de,basic,769,usd,refunded,2025-11-10 05:15:51.405450
e4dc6192-dede-481e-8407-a0ebb456e41e,c9557c1e-0b96-4ac8-b257-c62801a5d453,basic,26463,usd,refunded,2025-11-11 01:26:51.405450
3fe44f36-c7f2-4594-8b4e-05b056de723c,428d873c-6c5d-4c55-8d49-011c683645d6,basic,29149,usd,succeeded,2025-11-12 12:38:51.405450
75440a63-e4cf-4d6b-b3f4-dafdabc93b50,1bf50019-8c58-41aa-888a-5f6051e57778,basic,19791,usd,refunded,2025-11-09 15:11:51.405450
b65568c9-725b-405a-becb-a3643b587922,919001f1-95de-4cc0-bca6-8ceb4ba9b14f,pro,5419,usd,succeeded,2025-11-27 20:57:51.405450
abcd7ba6-9f1a-4809-adf2-44007c88fa59,6d001737-6df6-4ccb-8c01-1613695857a4,enterprise,31450,usd,succeeded,2025-11-19 03:49:51.405450
b8d7dcc5-5329-463e-bc89-1cdb4a661742,4386a419-6107-4afa-be9f-7759a5d8eedd,basic,4427,usd,refunded,2025-11-24 04:17:51.405450
aa48c66d-88c8-4810-b49e-0caa93502999,558bb750-1e05-4d12-9351-01c3fb119114,pro,23096,usd,failed,2025-11-15 01:54:51.405450
13d0d336-f7e7-402b-a99c-43d5e1e13609,25257b28-5c7f-487d-b87f-528e7d9c2932,enterprise,32251,usd,refunded,2025-11-06 12:22:51.405450
4bf5708b-28f1-43d0-8b5e-adc040adfdbe,55e53f61-9682-4637-8d08-eeda91b3269e,basic,21914,usd,failed,2025-11-10 18:54:51.405450
6c1cac48-a615-44fc-ab0c-6cda0bc2fd7d,da8fd60e-f77b-449a-a879-a499ebf66e19,enterprise,48714,usd,succeeded,2025-11-19 19:09:51.405450
8d9593a2-3a71-4c77-9385-59a0240c4dba,8ca08fe5-e7f0-448b-821b-1bc834a2d54e,basic,23218,usd,succeeded,2025-11-07 02:01:51.405450
98eccdb2-7be9-4aea-8883-6d07b5cf3f34,cb2c64e3-2e92-4d00-944e-0ee12e8c08be,basic,15679,usd,refunded,2025-11-25 17:22:51.405450
7292b09b-d657-4661-8834-1b34f556c9b3,7e913591-f67a-4011-ab03-b792698c18e4,basic,48647,usd,refunded,2025-11-16 10:15:51.405450
d00ac6c4-4731-4232-9611-1ef2b5dca172,ce0b37cf-b5af-4b0c-8e2f-67548a2832c5,enterprise,14989,usd,succeeded,2025-11-14 23:37:51.405450
42915d26-9b0c-49fa-b1ad-2da45912adbd,1e629b00-13a7-4d81-b229-9fa6fcc11efd,enterprise,1893,usd,failed,2025-11-12 06:16:51.405450
89b7efbc-a98c-4f0e-89cc-9de394b99f68,1dc04766-ffe9-485f-b090-602a58a6e0ba,pro,2363,usd,refunded,2025-12-01 07:51:51.405450
eb1d7bb9-4ff9-447b-972b-d02b04c64338,7438ecc5-d06a-4e9e-9ea6-1e5f506378d6,basic,28382,usd,failed,2025-11-07 19:26:51.405450
307bf9be-e684-4260-86fc-daee3d7a9d1b,1bd6b747-52cc-4201-9faf-415f9bc89bfe,enterprise,46632,usd,failed,2025-11-08 18:21:51.405450
7b150f42-9731-41c0-a942-3b90e862d50d,85317553-4e2d-47b4-8e47-472faa09ae25,enterprise,7797,usd,succeeded,2025-11-18 13:33:51.405450
146cb5e3-6fcb-4a1f-acbc-3ae5f1c02534,f95701e1-f052-4bbf-877c-5930c843ff6c,enterprise,37423,usd,succeeded,2025-11-09 20:11:51.405450
3ad57c0b-a222-4b1c-bcf6-dc77f75b7bfe,c9c72fb4-d8c8-42f2-925e-98bdeab7a7d7,pro,17423,usd,failed,2025-12-02 10:08:51.405450
759a34fe-1932-49e9-a1d6-42f60e9a4d22,45169d45-8afc-4c9a-bff9-32a43890de02,pro,27018,usd,succeeded,2025-11-18 18:43:51.405450
64d51915-38a8-49cd-8e54-456613df93d9,80246d2f-887b-48db-8897-3f7504def523,pro,849,usd,refunded,2025-11-09 03:50:51.405450
26703600-4e4c-4f7b-ba6c-8b19c38f549b,0f44be2f-a36b-4d9f-b94a-c151fdbea86c,enterprise,35315,usd,failed,2025-11-09 07:50:51.405450
7fbab784-e4a0-4228-9cd4-dc12eea0e446,3a199841-cdc9-4747-8b8f-78a564fa433e,enterprise,12704,usd,succeeded,2025-11-12 13:15:51.405450
4b8c6ca1-0482-4969-a30d-4f65e2bb6a18,cbbe547e-96af-48b7-b34d-a110a9e405b4,enterprise,1024,usd,failed,2025-11-14 14:28:51.405450
50f6b073-9d54-4523-a7a8-1f447b204860,3ef837f2-aea4-411c-b30f-6e89980c8954,enterprise,26124,usd,refunded,2025-12-04 15:04:51.405450
bd30531f-0369-41ad-8302-663113ccbe16,45094060-f351-4722-8912-b30355ddf525,enterprise,30962,usd,succeeded,2025-11-26 07:29:51.405450
0170d6fb-6bb7-4b61-b86a-1fb5077b85c4,9443b4c4-3f5e-4c95-a0c3-ad239eb5fbb0,enterprise,39175,usd,failed,2025-11-22 17:14:51.405450
654ab955-5a12-423b-b4b0-de4e9b19e1fe,9861c3ca-72d5-4157-8698-a38f9bb17435,basic,36620,usd,succeeded,2025-11-12 09:44:51.405450
6d6d23cd-20b9-47f5-91ae-93836209705f,e1692151-ede4-46be-a6e5-757ddd169d2e,pro,6686,usd,succeeded,2025-11-14 23:28:51.405450
07fdfa9b-da5a-43be-9c05-5caee528e411,5badf9ff-227c-44e7-b00b-9a5fc61cc6d9,pro,31887,usd,refunded,2025-11-09 08:44:51.405450
ee6e39c8-8dc1-45f5-8ec0-fe42281958c8,48f52522-3191-4f56-8a02-9dfeca837ffd,pro,18692,usd,refunded,2025-11-16 10:31:51.405450
343b7977-410f-45f3-b460-e7a0d3914c73,1f6b60f9-3a05-4087-9744-cd89a7490abf,enterprise,17615,usd,failed,2025-11-11 20:37:51.405450
d425c104-1a25-46ff-9ad6-858d2d8fd2d9,d12bfcdd-2287-478d-8b56-8f4cdf4a6dd5,pro,14457,usd,refunded,2025-12-04 17:12:51.405450
2fb8d199-8807-4963-b341-aafb3b301182,58e448fe-176c-4d2c-87ec-a7ed90da34a7,enterprise,49672,usd,refunded,2025-11-17 16:43:51.405450
f819dbd0-343d-415f-a8d8-987bf3a8c9dd,14c49913-8c85-4e63-b911-dbd6336adfff,basic,27014,usd,succeeded,2025-11-16 08:59:51.405450
d2a7fbe5-58aa-4907-a28a-6aedc47a3def,c758a869-a96e-495c-86d1-e1dda59bf667,enterprise,48253,usd,failed,2025-11-30 20:42:51.405450
22fc6758-2234-4000-99d1-cf63180746c2,5380cdd8-cc30-4ae1-9c60-e77f74a10d8e,pro,49070,usd,refunded,2025-11-22 13:01:51.405450
d34ae710-5f08-488c-9b14-9a90ffe65e23,5f816619-0dd7-4477-b268-ae9458841125,pro,23228,usd,refunded,2025-11-19 21:57:51.405450
3bdf4b98-3c9b-4261-970f-15fd2c214211,30675444-ceb9-4181-b756-7ae5ebff902f,enterprise,11885,usd,refunded,2025-11-26 15:30:51.405450
84527a00-6819-427c-a2a9-b2507d11fb6a,30c189b5-195d-4335-bcbd-00c7e601227a,basic,23518,usd,refunded,2025-11-08 10:37:51.405450
8527fddf-508d-453b-ba56-7ef403a6b223,97780bd3-fa61-4441-a742-aa21633b08fd,basic,18645,usd,refunded,2025-11-10 18:32:51.405450
3ac45d69-43fb-49e9-b481-dd0adb497b31,259849e0-70a4-4383-8dd3-4be94f74dd01,pro,40933,usd,refunded,2025-11-29 08:15:51.405450
eb2ec71e-74b5-49ea-baab-ae456c9d1e3d,b7ce99f2-5b1a-4592-a112-0a91463f410f,basic,1289,usd,failed,2025-11-26 08:12:51.405450
8b15b9c9-9513-4403-9208-d64d87070841,b57a0083-0cbc-45a1-a3de-6d6f6108df3e,basic,35912,usd,refunded,2025-11-21 19:48:51.405450
1e38f31e-7973-46e4-b0a7-510c2138255e,96fe2530-f3ed-4da4-b7ee-0bcb11fe6798,enterprise,40856,usd,failed,2025-11-25 13:13:51.405450
606e531a-04b9-41bd-a5c4-8ed2f44991a7,6edd7bac-2763-48ab-8ced-63c9ac05d7ab,basic,38361,usd,failed,2025-11-15 08:06:51.405450
952b4747-1c83-416a-95eb-da26a18a1227,8445cb7a-1808-4fd3-9baa-31df55923d8e,pro,23934,usd,failed,2025-12-02 14:33:51.405450
7500cd6d-e02a-4c5e-ac25-57b371da3375,f2810fba-1efb-444a-9134-bae62f4d59d9,enterprise,22360,usd,refunded,2025-11-15 18:06:51.405450
00b1976b-9560-4038-8549-bcb8b2d2227e,e62e3080-9e40-4b19-85f4-d0d7b5dd888b,basic,27378,usd,failed,2025-11-19 02:59:51.405450
471091d3-4a0d-4da3-ba29-e248e75148df,8cd99095-dc21-4155-bae2-5d19238ad6a8,basic,21461,usd,refunded,2025-11-19 12:29:51.405450
1abe94fa-ed34-4e57-a773-566f87e06371,74e7477e-b46f-4aa1-a014-92320cca9d33,basic,22383,usd,refunded,2025-11-23 13:07:51.405450
6d84ef8e-969d-47e8-a524-35849cc0b04d,1cc053a2-8990-4531-8da5-1c24a3fef0be,pro,48782,usd,refunded,2025-11-10 07:40:51.405450
943ba9aa-440a-48ad-a0f8-2c3c3f8ac604,178fc2c9-6314-44aa-ad37-f6925de572fd,basic,1681,usd,succeeded,2025-11-28 15:24:51.405450
7369cb0f-1592-4e40-ad06-90382199c7bc,c8c75124-1e0c-43a3-9242-9781b99a6860,pro,10802,usd,succeeded,2025-11-22 02:14:51.405450
a7219bc7-8fcf-431b-afa7-139d057f18ed,0cff46c5-075a-456d-b23b-b8b2732259c7,pro,20871,usd,refunded,2025-11-30 06:37:51.405450
8305a988-cf2c-47f8-90c9-dec009af7a70,6e45762a-430c-42aa-8221-547eb872acee,pro,39288,usd,failed,2025-12-02 22:25:51.405450
8bf25e33-512a-4c37-a596-5171a57f9c3a,360c2dec-b1bf-4835-911a-c4c70e1fac32,pro,48513,usd,succeeded,2025-11-20 05:18:51.405450
a7d3786e-5e8b-46da-884e-94b81ea66dfe,f0b4c2d6-62ce-447f-8313-13f37db2407c,enterprise,32649,usd,failed,2025-11-25 05:55:51.405450
95b556c3-06b6-48c9-b8c6-ff9b80cdd582,47e0e0c4-daba-4951-8444-f47ea5ab7943,enterprise,44704,usd,succeeded,2025-11-21 02:25:51.405450
a7c49f9c-6dac-498b-b091-28efb9a641db,d5ae83a3-dcea-471e-9722-6c14793a93a4,pro,40483,usd,failed,2025-11-10 23:16:51.405450
a54988c7-36e5-4df3-bd49-5dc3f046afac,cf118f2a-4a62-421a-9c21-febbeaae52ba,pro,17238,usd,failed,2025-11-22 20:17:51.405450
ee04f00b-3bbe-4968-a023-c7725b20eb17,f063231c-8513-4a27-a46c-973a4283cbe1,basic,44800,usd,succeeded,2025-11-09 21:52:51.405450
a738c534-8638-48fa-81e8-7382d59d9b69,86608ed6-db56-4cad-8cf1-78b608c0a9b4,basic,45148,usd,refunded,2025-11-16 23:25:51.405450
3d427582-3afa-4690-9475-89c6f397031c,856871e2-0005-4f63-b662-1c2bf0aa286b,enterprise,36553,usd,failed,2025-11-05 18:40:51.405450
f0bad99c-762b-49f5-bc25-ec34fc2e86f7,8a0dcfbd-4c52-485c-b9b5-f39d57d27d44,enterprise,3092,usd,succeeded,2025-12-02 00:58:51.405450
b529f271-16e4-42f1-87c2-41fbb85b39ce,8e3b7793-a014-488b-bcae-89c60339517b,basic,36988,usd,succeeded,2025-11-27 20:49:51.405450
7202c614-68d5-4310-82bd-ed607436fb63,f52bf0f6-5ee2-4e8c-81d6-34e9d2d54428,pro,14470,usd,failed,2025-12-02 03:16:51.405450
c6efa2bc-de1e-4d6a-a0c6-4038c2b540fa,3f2219ec-28bc-46d4-bd7f-3c7e9e00c4b0,enterprise,40867,usd,failed,2025-11-13 21:51:51.405450
0ff28390-7b6b-4967-8efa-9481427ce725,1bdd0b7f-95e9-4445-894c-09194c042371,enterprise,45422,usd,succeeded,2025-11-21 08:31:51.405450
cf7568be-6d45-4a4d-b533-8a6b11cc8b85,3e3ca91d-6206-4c06-a327-f03395ff5ad0,pro,12039,usd,refunded,2025-12-01 02:54:51.405450
4d91cb1a-fb1f-4c6a-a92b-c8b3fcdd452f,735c5541-676b-4242-9d4f-79c12c24123a,enterprise,16263,usd,failed,2025-11-13 01:39:51.405450
ba9fa6dd-2e9d-454b-938a-bd195f39c30a,906a85b4-33ec-4be4-99e7-e63611f66f9c,basic,46746,usd,succeeded,2025-11-14 11:04:51.405450
8201c4b1-a51a-464e-b167-ae1afb9fcfdf,8d6e895a-d27d-4d5d-91d3-48657013d77f,basic,41531,usd,succeeded,2025-11-17 19:21:51.405450
e7fe2389-c4e8-48c1-a523-730eddf761a5,81095ade-463c-47a9-825f-fc638be629e7,basic,28234,usd,refunded,2025-11-05 11:02:51.405450
ea2d402a-a217-4c70-b0cb-e2bded39074a,a8d5d9a9-8225-4b42-bd12-41e0469e73ff,enterprise,18435,usd,failed,2025-11-11 17:29:51.405450
a77ce041-12d1-4153-bca5-2f7e309405a3,667c0283-1dee-4556-9fda-7d6613fab266,enterprise,39643,usd,refunded,2025-11-12 20:18:51.405450
51a8b4c4-067b-4d87-92a5-2fb42db8aff8,f08348d0-2277-4a1c-bc42-5e12e0998c82,enterprise,40215,usd,succeeded,2025-11-25 23:05:51.405450
a2a38863-31c5-4b3c-9ae7-6f99289d1af7,08827a26-d7ba-4ca6-a4b9-9226263bf18a,basic,28146,usd,succeeded,2025-11-06 22:41:51.405450
de3ded94-439e-48f0-aa33-96530c41176e,fb564085-c1d3-4a11-831c-73b9b92969e0,pro,21699,usd,refunded,2025-11-25 06:44:51.405450
a99d322a-5368-42af-9889-0358a188018d,4a7f8c24-2c53-4ecb-8534-fd4cf267b702,pro,24110,usd,failed,2025-11-26 15:24:51.405450
62a92f10-2d64-4199-b6dd-7ab69759a2b7,2a5ab426-5653-4a80-8593-dd70b1e70bb4,enterprise,49801,usd,succeeded,2025-11-20 01:34:51.405450
6f0f77f1-0320-46a5-9112-71575b2a5867,ccd2f656-ddf3-48ed-a865-6e2bd45898eb,pro,46089,usd,succeeded,2025-11-10 08:25:51.405450
c233d21d-8f84-4da4-844c-50391edde20d,3806e9a1-9740-4f9c-a851-2df0d2f3488e,basic,21796,usd,refunded,2025-11-21 12:59:51.405450
271d196c-5ded-41a1-b4a6-5860b881028f,ef0bd701-5e2c-41bd-9f32-7015e926a835,pro,24868,usd,succeeded,2025-11-10 06:01:51.405450
8d25855e-a83c-4392-ad7b-a7bb12dd1334,fcc9f644-f6f1-45f9-a4b8-51161043e42e,basic,45485,usd,succeeded,2025-11-21 03:49:51.405450
e793f349-1854-47c0-92d2-9a84bc0efe31,42c87124-2e24-4e50-8324-15167ee9912d,enterprise,9758,usd,succeeded,2025-11-29 20:40:51.405450
49095674-9263-4c07-a04d-73107b84256e,31997253-0b17-4130-b6ab-02e013178b00,enterprise,30815,usd,succeeded,2025-12-04 07:23:51.405450
1a0969b3-e2c2-4bfc-93bd-278a42a89f25,7e042a88-e633-4936-bdd1-890b2280453a,enterprise,25210,usd,refunded,2025-11-30 13:17:51.405450
02947fb6-beaf-489a-90cc-c84bdd2d9624,01c42b93-9593-4b53-b27a-4179946976b1,basic,24931,usd,succeeded,2025-11-12 09:36:51.405450
7ef6f68d-2638-4b20-a749-c387d0b4b77e,b0c1457a-374a-4a68-8f64-5c29f2abf994,enterprise,20649,usd,succeeded,2025-11-12 09:24:51.405450
b41afc81-864a-489d-bdc6-9ed5ea4e803e,2c507465-df34-4342-bd48-c928b0165be9,basic,32055,usd,failed,2025-11-17 10:42:51.405450
f1d25123-51ba-4337-8445-b8cc4005e733,c50a3ce9-9112-487c-b742-2b7f1564bc6f,pro,31832,usd,failed,2025-11-25 06:53:51.405450
4de9b500-c1d6-4074-a708-c541d4b86a6e,d5315cb8-2606-4b76-bdfb-ce5b43d9c556,enterprise,8721,usd,failed,2025-11-06 02:54:51.405450
7d16c30e-e88e-4cee-9dcb-d71541694216,0535289a-9685-444a-9e31-d42ae4c0991e,enterprise,12787,usd,failed,2025-11-19 17:00:51.405450
f8a863fa-bfc8-4b4d-844b-5b20b7cf718f,b3dc9be9-1863-43a5-8f38-76101404cad5,enterprise,1061,usd,refunded,2025-11-26 00:16:51.405450
e2970f86-3108-4e1a-8c4f-e31743c6a6fc,19ebb8e8-1a89-4ba5-9db3-1015bc70df64,basic,39587,usd,failed,2025-11-16 19:45:51.405450
8a45b4b8-5cd2-4e63-9ec2-3f0c0b58f5f0,0cae4d06-48af-4e8e-ac52-a399100b229e,basic,41084,usd,failed,2025-11-08 01:43:51.405450
66893c17-bc4f-494d-b99b-693a413ee534,95195cab-9744-46f4-80a9-bc8c85405442,basic,20503,usd,failed,2025-11-12 08:52:51.405450
596d924b-eca9-4fe5-9346-157a9b86ba83,a9b56400-43ab-41d3-aedb-1e88cd61b39e,enterprise,35602,usd,refunded,2025-11-08 10:35:51.405450
ecd6c2f1-d5fa-4b57-bb5f-d2f5eb81d8ee,e6adfc76-57f3-4bb4-8e0b-dacdc2f3384d,enterprise,47308,usd,refunded,2025-12-04 15:06:51.405450
ce46840f-48ce-41ce-bd98-fe6da3459dda,ab00f7cc-7bda-4c2f-805c-69a13c09cf13,basic,18695,usd,succeeded,2025-11-06 22:34:51.405450
f58649d2-0e0a-43f6-86c7-5bf3a227e367,84c17bbc-2e62-48a1-b15d-3598a88b3640,basic,13623,usd,succeeded,2025-11-14 10:12:51.405450
783c13eb-eed0-4ec6-b565-9760cf28baf0,c4b18569-a889-4d72-a71a-a56e4874d1fe,enterprise,39425,usd,refunded,2025-11-18 16:19:51.405450
eae1f870-ada2-4a9d-a407-ae5796e77011,181ff4ad-faf1-440c-964f-145482243a2c,enterprise,27811,usd,refunded,2025-12-05 06:00:51.405450
ad5c32ed-1ef5-4497-81b2-d662df09ea9e,c85f9577-81c0-4404-8a29-db057c308112,enterprise,16544,usd,succeeded,2025-11-12 07:22:51.405450
c5e44c5c-24d6-40f0-bd46-01868a99b89f,5c8340b8-ebdc-4c30-b3c4-5bd0484e8d13,basic,31497,usd,refunded,2025-11-26 14:24:51.405450
dd320d1d-fd00-4d92-8b4e-6ed24fc4a632,728d2f6e-5cd2-4ef3-a97c-423187293ac1,pro,40645,usd,refunded,2025-11-11 00:42:51.405450
fe4ec592-2fba-41e7-8669-4b9894dac869,7a958f53-f543-4088-81a6-c2420f1cb43f,pro,14190,usd,refunded,2025-11-10 10:02:51.405450
b1e443ee-44b9-4a77-a005-b85e8f2228ec,d21d5ee4-b5ba-4b6c-a3e4-a395e7f0e3f0,pro,7984,usd,failed,2025-12-02 09:09:51.405450
0fd394d3-39dc-4820-aa67-66997ac4ce96,4a78d3a1-c5dc-4d9c-8eb2-5aa676493abf,enterprise,12016,usd,failed,2025-11-16 09:18:51.405450
2e8b3759-b2a2-4507-8f2f-d43cc901d571,61f2e413-fcd2-47c4-8d5f-c6e51d3758d2,pro,37876,usd,refunded,2025-11-22 15:13:51.405450
439d3c9a-e1b8-4456-966a-dbd4bbea8af6,a462300a-f432-413e-805d-0fe94a48d87a,pro,28851,usd,failed,2025-11-14 14:17:51.405450
31b2942f-1e1f-4cd3-9076-633983ed08a5,6f6539f5-b91d-487d-9562-50ea54fd0376,enterprise,43424,usd,refunded,2025-11-24 21:22:51.405450
e8b09f84-acbf-4956-a2ea-c3b5b737cdbc,177a9171-cace-45bb-8d7a-4280293b4edf,enterprise,26568,usd,refunded,2025-12-02 02:06:51.405450
76c764bc-d094-4423-bd91-6cde41bb5326,92ec1bdf-82fa-4fc6-b0f8-9d14de83f063,pro,40890,usd,refunded,2025-11-06 21:28:51.405450
cd5688fb-2b69-46b2-9b4b-bd063c64c20c,2b970312-81f5-40f7-9df7-71aa5087daec,basic,34511,usd,succeeded,2025-12-05 05:29:51.405450
14535506-34e2-4dad-ac2d-b25ff930e634,b07fbf78-b122-4f5e-b650-f346371d9473,pro,45189,usd,succeeded,2025-11-18 10:53:51.405450
5f62e51b-d777-441d-a58f-8b2dac669d14,97521b7d-8462-48c0-afe6-8bb03ba80d66,basic,42265,usd,succeeded,2025-11-06 03:24:51.405450
e8640793-ae04-4f3b-8746-e1d2c7ebdff0,5982dd20-55ce-4f4c-8736-0a4f80f32a98,basic,2055,usd,succeeded,2025-11-26 17:17:51.405450
98258c32-6444-4956-a9b7-3a579a72c8a6,41ba5769-9e28-4287-9d72-2106cf903b4e,pro,21393,usd,refunded,2025-11-28 21:40:51.405450
df01563e-3cae-483c-851d-9013796736cb,d5d326d9-7785-4af6-8e8a-2851ac69aeed,pro,14091,usd,refunded,2025-11-25 20:43:51.405450
c6f0de8a-dd0b-475a-9a5a-c3575264bf98,9ff97310-f7fb-482a-bb5e-89588a43a8df,pro,18311,usd,succeeded,2025-12-02 18:09:51.405450
6c879188-0c53-4f0b-9cfb-e796c1e89a76,13014cd5-0e17-4b00-ab2d-11698527037f,basic,17686,usd,succeeded,2025-11-22 04:45:51.405450
fff5a505-31c1-426b-9a81-172ebc8ede02,895b0934-478a-48ff-8495-a9e3dd59d19d,enterprise,47020,usd,refunded,2025-11-17 08:56:51.405450
26318266-e72d-42e9-832e-cfcbe21022a7,41551aab-5d40-48cf-b095-939cd3907773,enterprise,30150,usd,succeeded,2025-11-30 17:23:51.405450
3dcd55f6-8027-4dfb-add4-177a91dd1a0c,38e0d922-5e41-4cb4-b11a-49eb9f8da583,pro,46234,usd,failed,2025-11-06 08:21:51.405450
ac261d87-3903-4f07-93b4-122d70ba7a2c,a6654bf3-3244-4d61-bb45-fe8b4b2965c3,pro,45928,usd,failed,2025-11-15 01:22:51.405450
02c158b7-39c7-4b2e-b470-298d90551bbb,5a13c630-cbd6-42bd-a303-1f288c189674,enterprise,19996,usd,refunded,2025-11-05 22:59:51.405450
048f3d01-d775-41f2-a92c-769fac1bb1a9,54562149-62f1-48d2-af11-92b0212284b1,enterprise,4157,usd,succeeded,2025-12-01 07:12:51.405450
f1f42451-b65a-44ad-9fca-d965a47bd2be,9dd60de9-5042-4d47-8a94-9afb36510a79,basic,29165,usd,refunded,2025-11-10 17:53:51.405450
453cbaf6-1b3f-4dd8-92c8-f3bc35b16e0c,fe7ae10e-0ab1-4d0a-b8fb-c1bdcb1c36e3,basic,32463,usd,succeeded,2025-11-09 11:06:51.405450
6428daac-2529-4003-af24-10a2ef7a1be5,3aae8763-33da-45d8-bcce-6051aaf8a54f,basic,4857,usd,succeeded,2025-11-10 03:17:51.405450
0fe4a35c-6a29-4064-8ebf-afafc7e29404,60e6b337-927a-482b-997c-f47e52b77ce5,enterprise,17913,usd,failed,2025-12-01 03:23:51.405450
4986c78b-b03b-4f72-a999-f7317279770f,d7573218-e308-4b65-8bfc-25e878589aaa,basic,48593,usd,refunded,2025-11-09 06:02:51.405450
ba142587-2187-440b-b8f0-e68595b79140,222fb072-2024-4992-b2e5-dbd1595b5081,pro,11620,usd,failed,2025-11-15 18:46:51.405450
af189384-1898-4b9d-b5a2-0c0cb9de7a80,968892b1-9ca1-4b8d-a553-d9a9f0854932,pro,22186,usd,failed,2025-11-28 18:19:51.405450
cb650788-ce31-4cf1-b2ed-6242a5479a68,e41d80da-0c14-49d3-9c87-aa5e242a407f,pro,1486,usd,refunded,2025-12-05 01:41:51.405450
571dd5a8-cda3-4021-92ad-0c79ad9af8c9,46746de9-3134-4df7-84d2-76364133c1fd,pro,35977,usd,refunded,2025-11-07 06:38:51.405450
97ea5f2b-21c4-44dd-877f-24c377508027,fd06b109-b808-4ed2-800d-8695dfb636bd,basic,27651,usd,failed,2025-11-27 12:10:51.405450
e8067f86-3222-40df-982c-e03a1a255703,7d182bc8-a539-4b37-97d1-412af5bc6881,enterprise,12162,usd,failed,2025-11-26 17:31:51.405450
4dbfd418-7ab7-467c-b581-efa90ab21ae2,8bcf3774-f4ce-4769-83a5-fdedb6eff3f9,enterprise,8198,usd,failed,2025-11-26 21:14:51.405450
3bef239b-62aa-40a5-8b78-a8414006a372,1dc15514-2622-4597-80c8-991e573cc3bb,enterprise,37984,usd,refunded,2025-11-25 07:28:51.405450
201aaed4-3ee2-4bcc-9095-31eb6c50c3a9,950bc37f-e856-41eb-aa2c-2d56583e7ff8,enterprise,40748,usd,refunded,2025-11-05 15:08:51.405450
b7ac88b9-816d-4af1-8a18-3ce15fd671e7,271e38e6-dcc8-4438-a078-c4967f47065d,enterprise,24488,usd,failed,2025-11-14 13:22:51.405450
0e04e661-0cf1-4811-99f4-4df022ca840e,dbffc5fc-154c-4523-b7b7-101f531db05d,enterprise,15776,usd,refunded,2025-11-21 06:03:51.405450
c960806d-41dc-469d-8071-80bbee9042e0,b1207766-0f43-41d0-8d6d-6c3aa30a6846,enterprise,8232,usd,failed,2025-11-13 23:52:51.405450
76e705a4-7f4d-48ec-bd49-3ebab9be23b2,99893b9b-cf29-4284-aaf6-a6229a6bd1f1,basic,8594,usd,failed,2025-11-10 02:30:51.405450
aa36a4ee-30dd-4b08-a638-64447d8d4e23,57b6f275-14b9-4a24-8cc6-dc08991326ba,pro,11081,usd,refunded,2025-11-16 19:47:51.405450
872664eb-d7f3-42a7-84b3-862d5183f2af,dd110bbf-6f7b-45e7-91c8-60b043695e60,basic,20026,usd,failed,2025-11-25 01:11:51.405450
d68b07de-73c7-45eb-b3a6-0f4bbcca7dc9,d349b0b6-baed-4612-8d15-f21d630f4070,enterprise,12779,usd,succeeded,2025-11-06 12:34:51.405450
73d4f6f6-b0ba-4f2a-8c8f-a96b4c66d15a,c454a7bf-a46a-4625-a8d8-7b06a3a2ba28,pro,29438,usd,refunded,2025-11-05 15:01:51.405450
cb55e6d8-6663-4241-9b88-b7c21948ef7e,eb064366-a224-4a6e-a80c-148f99ccd8e8,basic,42969,usd,succeeded,2025-12-03 02:56:51.405450
20716d73-40e6-4a9e-91ee-b4de102b5534,52901d78-579a-43d0-b526-3b3e8fab2c36,enterprise,27823,usd,succeeded,2025-11-17 16:38:51.405450
411f0827-e086-4b3d-9dc7-6a2fb48a202d,33bcebcc-2608-4ae6-a953-29208bfa29ff,pro,24563,usd,succeeded,2025-11-30 16:47:51.405450
40835e69-ed7f-45ab-9378-322b9d0017d4,ff37ea46-fdb7-46d9-ac0b-eab94db2aa2b,pro,32017,usd,succeeded,2025-11-25 18:39:51.405450
d33e157d-1e82-47b1-bd3d-25e108e2f940,39fdd22c-0923-4c0c-84cb-8998d7556bd8,enterprise,19344,usd,refunded,2025-11-26 19:53:51.405450
b2e6371b-e82e-479a-93d9-d5537a50b106,86d0efbb-bff4-4cd2-b222-28ec89ab52c4,basic,38627,usd,refunded,2025-11-07 15:17:51.405450
a2b6c4e2-0403-46fa-bdfb-905329946c06,2c699489-a476-46a2-8016-264c39941cf1,pro,9952,usd,succeeded,2025-11-19 17:33:51.405450
399266ba-4cc5-4fb5-acae-1ca4c69d15e4,bc8090f4-97d0-4bc9-bec4-a400f223ec5c,pro,45537,usd,failed,2025-11-30 01:35:51.405450
49dd80d5-6d60-4d40-8be4-64e81c1ccb65,7d496bfc-f73a-490f-9860-96877d398390,pro,42342,usd,refunded,2025-11-24 11:29:51.405450
f9dccfb5-0b63-4cde-95a3-3fbf07956698,279dfff2-a934-4772-b282-91cf7f35f654,enterprise,37433,usd,succeeded,2025-11-10 20:01:51.405450
cd3a7009-56b1-42f4-9f92-7baeb7b88d54,c0ecfe59-052c-4206-9a42-c2e56c9ae88a,basic,42653,usd,failed,2025-11-16 10:05:51.405450
2b847c47-955f-4e2c-ad92-3638edd3332e,8bca7a6d-d895-4af4-aacf-81e4f74c2dd1,pro,28805,usd,failed,2025-11-30 16:04:51.405450
32491b8e-d94d-481f-8131-3c0ad99cbd82,1f7e56d5-a715-478c-8899-18e0eb0f9555,pro,14978,usd,failed,2025-11-07 15:26:51.405450
d269c5ee-92c4-42f7-89c2-a129527481ea,d81cf63c-aed3-41ac-b086-cd20d8a21d20,pro,30286,usd,succeeded,2025-11-29 09:56:51.405450
2a41ed63-347e-4ab3-8763-058d16826f19,2cb309d3-64e0-43e4-845b-3fffdf709fda,basic,47793,usd,refunded,2025-11-16 05:07:51.405450
7df82d92-c00a-4503-aa64-10d88b5dce7d,ebce479d-8f12-4b93-82bd-093d506b6bfb,enterprise,19326,usd,succeeded,2025-11-08 10:54:51.405450
1c18c133-6ad5-46a3-9de3-589fb3c56d0c,0805b7cf-abd8-4402-89ad-919a007c93b2,basic,15262,usd,succeeded,2025-11-20 05:51:51.405450
fa6737cc-f113-40c0-a7bf-83bbd2dfc061,484b9846-e7b7-4adb-97c1-1220bb6b421f,pro,32641,usd,failed,2025-12-02 23:04:51.405450
17ea3459-3c78-4b58-93f4-0247afe53b7b,cc4a527f-e54f-4578-8a2f-8d0fd35e09c0,basic,37635,usd,refunded,2025-11-21 07:32:51.405450
7bc64a92-da04-4a48-9b2d-e575e265a48c,35e7ce67-b050-488e-be5c-53231f242c84,pro,4267,usd,succeeded,2025-11-27 01:05:51.405450
7fd36b0c-0277-4f59-a616-58a98e7c16e4,2c7d7ffc-2a70-482c-9df8-633fe3534000,pro,28552,usd,succeeded,2025-11-26 18:41:51.405450
85591c9f-0c8d-4ac8-b752-f7727c44837a,016517fd-aeb0-45b8-9246-f4ec327eb0de,basic,8596,usd,refunded,2025-11-21 02:33:51.405450
c1bf2a2c-9324-49ff-80d3-6f18ba6c65b1,98501cd6-b7b8-468e-bcd6-6b5b0e264ab1,basic,13867,usd,failed,2025-11-08 10:33:51.405450
a9dd8cea-cc93-4d89-a228-35e61db75fe5,8f2933fb-1ab4-4ace-9ba7-fa58fcd3d295,basic,14575,usd,refunded,2025-12-04 02:50:51.405450
936c8478-ded7-4fb7-befc-ab53479e0070,73f7cf37-64c7-41d3-81fe-3792a246deaa,basic,5782,usd,refunded,2025-11-14 03:05:51.405450
395470a2-9a1c-493d-8446-a48f4614d01b,7cdfd275-a1ef-486e-9033-3aa67e0f501f,enterprise,7123,usd,refunded,2025-11-22 13:26:51.405450
4c7d50e5-2d36-4782-ba15-bc315a48215b,4fb6bbd9-586d-4497-ac80-bb5f375527b3,pro,24196,usd,succeeded,2025-12-01 13:58:51.405450
ed7ebae4-8fa2-4b0d-9a37-d84571eb9046,88780a9b-cfaf-4b58-ab09-8bbd3370836c,pro,25533,usd,refunded,2025-11-23 20:53:51.405450
bcb52a79-da31-49b2-ab84-453cadbdb842,63147a29-5d00-444c-8427-77d1354a4a3d,pro,42611,usd,succeeded,2025-11-23 05:50:51.405450
bb8dae86-12bd-4281-be31-92caec3d316d,b4c6ffb9-15a3-4f4e-9c2b-c37bd097fb51,pro,44646,usd,refunded,2025-11-21 11:28:51.405450
306a9ed3-dbc4-40b6-8e7c-95413eb582f2,3429c4df-5c21-46fb-841f-5fb14dbfafa0,enterprise,48677,usd,failed,2025-11-25 03:32:51.405450
89851d75-3278-4c01-aa2a-4f62ff23a4f4,6696ce05-aa07-4c18-98ec-e754ca172795,pro,1916,usd,refunded,2025-11-22 13:57:51.405450
af2c3df6-cd9b-4dae-b7e3-961e7a87bca0,562faada-f5f9-49b2-a167-2147639a6dc3,pro,28519,usd,refunded,2025-12-03 12:36:51.405450
b75570f2-6ddf-4c10-a797-926a8b90f589,3396a323-9e59-4e82-9b28-0bf864d03e2d,basic,2498,usd,succeeded,2025-11-29 14:18:51.405450
5c571d70-a573-4ec6-bf39-ed354478a2d6,6989ded0-0e6e-480b-888e-8017ff7552e4,enterprise,22132,usd,succeeded,2025-11-13 03:59:51.405450
04a8dfbf-9e0d-4a5c-99b2-29bdba24959e,eca67226-5bfa-4740-802e-f4709f2a9451,enterprise,40203,usd,failed,2025-11-21 22:04:51.405450
4de7e05d-4e51-4569-b4a9-0700e3c1066f,053adc43-3fc3-4a71-bf79-bdef05b287af,basic,18337,usd,failed,2025-11-27 19:04:51.405450
442cfe4b-5ea9-464b-a421-dc6932c82fe6,1d06a449-0750-41c8-b238-2fa7148ff56b,pro,21871,usd,refunded,2025-11-09 17:38:51.405450
01de1ba9-2235-4d91-8341-14c8dd8cbdb1,945150f7-5a2b-4f41-981b-dfd0c86d37fa,enterprise,22586,usd,succeeded,2025-11-17 20:48:51.405450
bdf2812e-18e1-4246-83aa-11d87bf22a70,a7f5b850-5a16-489d-9e6b-075f41c73262,enterprise,16423,usd,refunded,2025-11-15 18:43:51.405450
5a052e45-6ea1-453f-8149-162e0d90c8ac,1fa7b14e-996f-4623-b00f-61b57cca6f01,basic,6459,usd,failed,2025-11-19 03:55:51.405450
093bb456-f26b-442e-85d8-22ed35bdf47a,47e7cb55-cd34-42e3-a8b6-d7dd10badd34,basic,8806,usd,succeeded,2025-12-01 22:59:51.405450
391bc525-dd5c-44b6-a55e-1dbf58f64577,19fa78fb-81da-4d70-9a66-c01a8e5bd32d,enterprise,15959,usd,failed,2025-11-22 11:40:51.405450
5f274eec-dfa4-4347-b369-ccce2a1357f5,c85ae882-0d8f-44e3-8622-e22fd192b691,enterprise,48180,usd,refunded,2025-11-12 17:08:51.405450
4a982a40-cff3-4ada-a9d3-5460d9834536,8cf6cad6-fafb-4b46-9a1a-56228f2f61ee,enterprise,44898,usd,refunded,2025-11-22 03:33:51.405450
276dd1d8-6994-4b3d-907e-64bdb78242f1,12649fd9-73f4-4a21-a972-dbdc008a3284,basic,25897,usd,succeeded,2025-11-15 11:47:51.405450
690340b0-cd26-4bf9-9824-53c17e382c97,5691532e-96ec-4be4-a789-b3e9405568a5,enterprise,36951,usd,refunded,2025-11-13 02:19:51.405450
c5288cf1-c595-4a4d-b365-334135f7e463,13f64a30-a635-4df1-9c70-e85837c0af3a,pro,33483,usd,failed,2025-11-21 04:40:51.405450
852a88aa-a672-4764-9b61-2864b6d2861c,88c4ba6c-ef53-4c40-957c-5e7c9edc1347,enterprise,4115,usd,refunded,2025-11-28 11:52:51.405450
3b2fa44c-5e33-4875-8ad9-222463b318c5,cca9db6d-6554-4ce7-af40-345fcdfa9703,enterprise,24914,usd,refunded,2025-11-06 06:44:51.405450
b1d10355-d223-4a7f-8f99-8e023c70777c,155689f4-343e-4df7-9fef-9fde8b433595,pro,20999,usd,succeeded,2025-11-09 20:16:51.405450
df51b66c-6263-45dc-b7ff-b9c4121d1aff,4889da52-96fd-424a-97eb-1ac37f082e3b,pro,3343,usd,succeeded,2025-11-10 00:44:51.405450
e19d277d-f92a-4182-8412-a39f98d0f357,c569b1d5-aa4e-464a-80a8-3215f51c63bd,enterprise,4040,usd,refunded,2025-11-09 00:50:51.405450
e07cffb8-0ea2-4164-a320-2cf73c4eef90,18827a3d-bc99-4379-bed9-6b4c37bd98e7,pro,7324,usd,refunded,2025-11-16 19:18:51.405450
a8c8928e-f302-4c7e-a04b-05f14e0370be,e89b335e-6c4f-45f7-8dd8-99a152e89799,enterprise,2425,usd,succeeded,2025-12-05 00:38:51.405450
7f7d9c1c-3a62-45c5-ac54-4071b5b8877b,8921bc26-084c-4b8e-b7b0-65ddd625cbce,basic,13842,usd,succeeded,2025-11-18 22:33:51.405450
4d328b73-cae5-4543-806c-2603f61509d6,62621f6e-12b5-4011-a8eb-4efda48d6b0d,pro,34109,usd,refunded,2025-12-05 08:47:51.405450
d647244b-13c9-4aaf-aef3-19d1a4a92a15,fc5719d1-ae99-40f3-be22-c6e5082bfad6,pro,36897,usd,refunded,2025-11-28 01:12:51.405450
b8e3d20a-5ceb-43f5-a687-d4b6d8d715f6,25de8965-dd48-43d3-ada3-6851aa8ce0d4,basic,15104,usd,refunded,2025-11-28 23:14:51.405450
c012c466-d4f2-4ec7-8340-9abe678efbc5,887318f2-79f2-48b2-975e-108a01ead7f4,basic,33362,usd,failed,2025-11-15 09:44:51.405450
7440dcf3-e4b3-4141-9a59-cee4a0ccb246,a398ac4b-3418-45fd-abad-426716890601,pro,21505,usd,succeeded,2025-11-22 10:45:51.405450
b409f16f-3441-429e-b9c7-a4995f4662ff,582d170d-1522-4600-afcd-6136b83ec314,basic,23316,usd,succeeded,2025-12-04 16:44:51.405450
69eaf048-01f8-4d24-98c3-daf434d6c6b3,80f8aff5-2cf2-4c1b-8e13-ceb8b63c9e77,basic,41926,usd,succeeded,2025-11-16 00:24:51.405450
3c291085-bc00-48e7-8ce5-9879466e4edc,33350a8a-67c9-4f70-bb0e-21b25c8d6ea7,pro,11294,usd,failed,2025-11-23 10:43:51.405450
a79e43d0-cc42-42a3-863d-00a32e59294e,74aebbff-e18d-45cc-9e44-1b5a079cb07e,basic,12709,usd,failed,2025-11-17 03:39:51.405450
dce89250-054d-4b73-a036-8a0edd950e8b,0469e36b-c059-415f-aeee-34671b6d0f73,pro,7373,usd,failed,2025-11-19 16:38:51.405450
4a0167f3-05ab-478a-8aed-909bdbb64d2a,dd802f8d-9d4e-469d-a386-993574ac6fa5,pro,21131,usd,succeeded,2025-11-07 11:32:51.405450
8d5961e0-8450-4b8b-9f6c-5ca2c1bbf18f,74c2f7cd-db4f-4347-8d94-47d42c376dde,basic,13266,usd,succeeded,2025-11-16 18:17:51.405450
bdef58c1-f2d2-44a3-bef1-fa03dbf433c4,05a2816b-8194-4b4c-8f0f-5c7217ed295f,enterprise,46224,usd,failed,2025-11-26 07:31:51.405450
173ac454-b9a1-4664-aa6f-e9468a1ad958,b48d9527-71ba-4fbd-99da-55d7247279ce,pro,28485,usd,failed,2025-11-28 02:48:51.405450
d7b34522-2340-407c-baa9-cb307e39d7fe,d0f32647-cbbb-416f-9dd8-5b8e5771bd4a,basic,4657,usd,succeeded,2025-11-30 23:17:51.405450
47a09892-52cf-419e-954b-034dd1e3bb59,7cff23dd-3d0c-4d61-b869-3c8aea7bc40f,basic,28817,usd,succeeded,2025-11-15 14:30:51.405450
335efcf4-367b-402f-904d-521eccf45743,75ebe7b4-0d73-4b27-a00a-70e56b4ad07f,enterprise,13997,usd,succeeded,2025-11-15 12:28:51.405450
586911bd-021f-47c0-ae1f-d304feee36cf,1f6db39a-40e5-4f2a-9316-9cc4f7670042,enterprise,17950,usd,succeeded,2025-11-29 22:14:51.405450
b77d4052-8d78-4a25-a8c7-7a31f8ffea51,438b90f2-5ca5-4daf-b935-7559c72487fe,pro,47109,usd,succeeded,2025-11-21 16:18:51.405450
fe11a34a-e7b5-4d31-b818-d5178c0ebace,9ed867db-6b7a-47da-9892-c881aca87403,pro,3185,usd,failed,2025-12-01 13:53:51.405450
070c0642-260c-45e0-b766-124005c8c649,e7d2edf0-ce3a-404e-8bd9-6dcaafdb80c2,pro,8094,usd,refunded,2025-11-26 06:13:51.405450
f00347a4-83be-4820-8f98-86d61c3238ee,6229ed16-2350-42e1-a81f-fbe97386ab8c,pro,20855,usd,failed,2025-11-16 04:02:51.405450
43129a4a-b6d5-4a52-a7a1-30bc780ba6b7,2bdc2024-18c8-4cef-9240-1bdac7e40f2d,basic,23420,usd,failed,2025-11-30 03:11:51.405450
dae59848-7bf0-4dfb-a875-717b6e02b0e2,42c8c454-a6a6-4766-bf2b-2fa6ce4065c6,pro,19618,usd,failed,2025-12-01 03:57:51.405450
ddf2cf7c-d1fb-4588-b888-36750b9cfbf7,49822bdd-0570-4efc-8d56-86a3e1449599,basic,12358,usd,succeeded,2025-11-22 07:27:51.405450
6a70a110-6449-426b-ae3e-e8e32fdfb47e,5b9f6bec-78de-4b28-b74e-bbc19bc33076,basic,41086,usd,refunded,2025-11-13 09:40:51.405450
bba8094a-406f-4073-9d0d-a0a6a03d060f,f0279e96-8c7b-4b19-af17-126253081961,basic,27531,usd,succeeded,2025-11-26 04:23:51.405450
86d072a2-4e3f-4df9-a852-4c487ada325c,7ec407f6-d15c-4f65-84b9-81c7b7db0b27,enterprise,37810,usd,refunded,2025-11-30 22:08:51.405450
bd1e1337-22d2-48a5-95ff-23f7763a2ad6,d998aaf0-8a0f-4a49-938e-6da1f8588b5f,basic,26783,usd,failed,2025-11-27 11:18:51.405450
8062d8c8-e679-4eb5-ac67-9a47909cb74d,d2a2bbdc-6665-4b4c-a1a5-e884590801c2,enterprise,39820,usd,refunded,2025-11-29 19:41:51.405450
b6cc6bb5-4268-4159-9e53-3150e35d7ca6,826f4114-f78a-4fef-a2e4-14c4ff118d6f,pro,6366,usd,succeeded,2025-11-09 16:09:51.405450
84d5068c-c1dd-42f8-bf90-37a936ff6500,08bace17-ca9f-4596-a92e-65db3135ee2d,basic,49894,usd,refunded,2025-11-16 05:38:51.405450
b0b56b90-455b-40d1-b464-b24e2a29a1ea,6c9eb110-281e-41d4-80c2-8664e8ccc727,basic,31387,usd,succeeded,2025-11-24 05:21:51.405450
5616d2e0-7e11-4918-9cec-7047a314ece7,541168b2-e352-40b8-b450-3218c95eaf07,enterprise,32284,usd,refunded,2025-11-12 01:54:51.405450
0e9a48ed-d44e-411f-9f7f-76de595fa981,d8664c1a-65f1-485d-b8c1-aedac2f02eb7,enterprise,39921,usd,failed,2025-11-17 20:13:51.405450
30bd06eb-c0ab-469e-8f75-9ab5c0532a89,8ac26c4f-a91f-49e1-8c1f-df5143b719a0,basic,21455,usd,refunded,2025-11-08 19:57:51.405450
75ded81f-af4d-4777-9323-d3b16560baf9,fef46271-7795-4ed5-bcf8-25fec8621e6c,pro,9607,usd,refunded,2025-11-06 00:19:51.405450
c135dc7c-b9a4-4c6e-ae6b-a55af159c3a3,b9162c71-b5a2-4068-9e0c-dfdbf715cca0,pro,20322,usd,refunded,2025-11-18 00:52:51.405450
91b0f889-3b3e-4d31-be6b-8ddf768c5244,efec6182-5424-4e4d-a321-35dbd1ec13c0,basic,28764,usd,failed,2025-11-11 23:40:51.405450
2c5c64f4-09f9-4c20-bc75-b5cba07359ce,5695bc9d-3783-48b9-8185-829a47397406,basic,32964,usd,failed,2025-11-28 11:27:51.405450
f1755d82-9a20-43d3-ab4e-67100a8972ce,836fa4be-8afd-49ff-8baa-9be9c6e8f401,pro,39738,usd,refunded,2025-12-04 18:14:51.405450
908383dd-40a6-4adc-a53d-a1f1409e2a90,7be05029-7b7e-4823-b5be-33b5476f3277,pro,36536,usd,succeeded,2025-11-07 13:30:51.405450
492b6113-3cbe-4b28-84bc-1105be4a02fc,2413c7ef-68eb-4c58-a68d-14f7ea9bcb1b,pro,47979,usd,succeeded,2025-11-19 23:27:51.405450
5df12588-de79-45d8-b49f-2679629ca3ad,b7bc70c2-f638-4f92-9190-9b8bfd2fafaf,pro,38570,usd,refunded,2025-11-07 05:32:51.405450
cd07e9af-dde6-4056-8021-5e21ecf8b54f,d32e9373-f26d-4d49-8ab6-ff793b66e638,enterprise,27903,usd,refunded,2025-11-10 00:42:51.405450
212156e1-fd19-4840-94a0-1964b89e0cd9,7a1eaf58-0a41-43a2-bb53-e5944f976ab9,enterprise,9807,usd,refunded,2025-11-14 05:37:51.405450
a65f3f37-7dea-42b2-a904-9c46c0522876,5306effd-1b52-4816-8811-9cfbd0d64349,pro,43630,usd,refunded,2025-11-21 08:27:51.405450
85e73407-9005-46d7-990a-601b3464c4f3,57789af1-a7e8-4256-8a12-a6b5d62cca5e,pro,35833,usd,failed,2025-11-18 15:10:51.405450
c7f10856-fb80-4799-adc5-625f95597379,1d403289-ebf2-4a61-938a-e87813ba7f49,enterprise,43173,usd,succeeded,2025-11-06 22:54:51.405450
ef5e5e42-08cd-4efb-8995-502b6a8e1429,9dd45b06-881b-4085-b99a-0fd5590849ed,basic,7980,usd,failed,2025-12-04 18:21:51.405450
1260d3de-5a8b-4bdb-bb18-2b4d1222bc25,899c692c-7937-48d6-821f-70ced9b8e17b,basic,14600,usd,refunded,2025-12-03 09:07:51.405450
6781a86c-a8a0-42f5-b1a1-e030bdcf6575,0a8b1c0c-8bf1-4136-9d68-7967c18f1206,pro,22362,usd,refunded,2025-11-20 18:31:51.405450
cb1b055e-26a0-4c78-bbcb-4bb1c03ddb16,15691bfd-9379-4ecc-b594-e25b2e9dc21a,basic,8981,usd,succeeded,2025-11-29 05:32:51.405450
9e0c1e91-89c5-40b9-8200-7559db643776,bc626c49-b5ae-43f2-8244-766b72970585,enterprise,48363,usd,succeeded,2025-11-21 18:04:51.405450
2d41529c-d93b-47c6-a214-7fe605a261f5,99640ff3-a7d1-4990-839c-60f8ef4a21b1,enterprise,17012,usd,failed,2025-11-24 08:50:51.405450
d2f117c3-3bb2-44b1-825a-b1d79e2ede2c,f1a5dd07-d6b0-446f-a67c-087d49481ae7,basic,559,usd,succeeded,2025-11-16 05:01:51.405450
42633acd-13bf-4142-bd4a-d8d5474eb52c,ff74a370-8ac7-4a37-8939-90b9abb010aa,enterprise,25647,usd,succeeded,2025-12-02 20:37:51.405450
8e8de368-697e-4a68-baab-ca192c454d1d,2c6524d2-fa8e-4794-b0c2-217e599b8b5a,pro,30269,usd,succeeded,2025-11-26 01:45:51.405450
7daab33f-77b2-49b8-b120-8d32286d66ba,469e3983-725c-4b81-bbbf-3e0da3e75cff,basic,10773,usd,refunded,2025-11-14 05:47:51.405450
4576761b-2601-4750-95cb-7af3538134c9,a2c35b33-14ef-42b9-a85a-8b92d0c88e6b,enterprise,42931,usd,failed,2025-12-02 02:37:51.405450
d1162aec-b911-4955-8319-4c9b2af9e7af,da54ba68-8412-41c5-a295-73463252a5b2,pro,4588,usd,refunded,2025-12-01 13:22:51.405450
15b5d596-5906-485e-80f0-b2a6bb497dc7,fb1698d3-39d9-4d14-9541-d292476feae7,pro,30953,usd,failed,2025-11-16 10:31:51.405450
196b44c8-e357-4fb4-b579-63bd97f7d660,a83221e3-0004-45f7-8a8d-ed4ac4049526,enterprise,21768,usd,refunded,2025-11-07 18:54:51.405450
603d2346-c5f3-408f-b93a-41fbdd007b52,e346a856-467d-4bcb-a822-3a1a07a27a11,basic,14003,usd,refunded,2025-12-05 09:45:51.405450
5524ead2-5b93-4659-96bc-5a66a0e7108d,b05eac0f-a5fb-4db8-adb5-42da250936e2,basic,1654,usd,refunded,2025-12-05 03:48:51.405450
ddd89598-260e-4e65-b296-df3b9f12c7df,1d9a24fb-bce3-4753-b2b5-de809cebd050,basic,38844,usd,succeeded,2025-12-02 11:44:51.405450
d6a79fd4-9ddb-48fc-8016-36529c57b80c,8df0e8ec-349c-4d23-a365-242275507f8f,basic,37272,usd,succeeded,2025-11-28 02:23:51.405450
24e83df9-3fde-4f47-a145-f9a4725abebc,a37e1edf-62a0-49ed-80f9-95aed05aae93,basic,40757,usd,failed,2025-11-22 12:58:51.405450
90313585-3c40-4a0d-bef0-64a4750713ef,a8774723-fceb-4655-a367-792189cb7d61,pro,32886,usd,refunded,2025-12-03 16:16:51.405450
4ec40f7e-1bad-4f6e-9211-42a5f3ad2cb4,366b9f39-a535-4eb4-893f-982a264d4af2,basic,44338,usd,refunded,2025-11-20 14:35:51.405450
4b0250d0-d31c-46dc-99e3-6e2f519d7624,25f7105d-f341-470a-8182-3c5f3f5e0771,basic,47789,usd,succeeded,2025-11-16 10:27:51.405450
59a45781-ce77-4f7a-9f18-ab2f90801f06,35f1e085-fc14-49bf-b158-be08fd7f6172,pro,38311,usd,failed,2025-11-10 08:40:51.405450
6258d25b-8e43-4eb1-be04-29a1b8616c3e,2044c4c0-15d0-4990-be7d-5cecbd4c0c16,pro,28618,usd,refunded,2025-11-24 09:25:51.405450
4f7622de-f0a2-412b-8adb-04269a58230b,b1001369-4cea-44a5-993a-52922bdd6a4b,basic,34446,usd,refunded,2025-11-22 00:06:51.405450
bbacbc0d-7e19-4afe-876d-d0fdd5dcfe05,74d67838-3e43-45f7-b780-80ca2f36e617,enterprise,36854,usd,refunded,2025-11-06 14:21:51.405450
e960dae3-ec80-4b55-8b9f-1c64ec4045b7,a94c704e-7699-4048-b9c1-c857250c01b9,basic,26470,usd,failed,2025-11-12 22:03:51.405450
6c2083c4-7bac-4f25-a721-a9c3004d3ab8,8d6ea4e3-a5b3-41e7-8816-0be8b6a10b5a,enterprise,28761,usd,failed,2025-12-02 22:24:51.405450
e8919c39-f7bd-45f4-8d3a-b46a23a35de9,8ee30c5d-3195-4631-98a9-16dd631b49b0,basic,747,usd,succeeded,2025-11-11 06:57:51.405450
14b874ed-e9f2-40e8-ac21-62ee4ebab9a2,1971aae9-f692-464a-b725-7b161f8e3b47,enterprise,7579,usd,refunded,2025-11-26 01:28:51.405450
f6ee2f46-4d54-4196-a29d-944ab980e82b,8e1138f7-e9fa-4f5a-a6f0-4c2f9ea20fd5,basic,34855,usd,succeeded,2025-11-30 10:06:51.405450
3501ec1e-06e6-4d87-8a7a-b662523870fb,1d89dab7-1a1d-46cb-b493-5ab04e63ef55,enterprise,23503,usd,refunded,2025-11-17 16:17:51.405450
2440c1ae-cc9b-42c6-a529-56ee578f37ae,98a1479b-7146-4a77-9388-e3d582f92a13,pro,3696,usd,succeeded,2025-12-05 08:29:51.405450
20537ac4-6383-4c32-8103-a552efc6ab57,dd8c8833-1ec9-45b6-bd38-a872f2fde420,enterprise,25588,usd,succeeded,2025-11-13 12:33:51.405450
8bb32bfe-f582-4b78-9c74-3dd0079a2839,b0ad82c0-a61e-4148-ba2a-0ea6c9c9d933,enterprise,26136,usd,failed,2025-11-05 12:44:51.405450
c52b4877-047f-442b-a06d-2ab0824c804f,7b87f5ad-3cc7-4b6b-953a-1d40e57bfec8,basic,15154,usd,succeeded,2025-11-13 03:13:51.405450
d5876fe1-fc85-4ba4-92c7-57b5e69aa148,a8f03c2a-2837-47f2-b03b-7262425b9ce9,enterprise,531,usd,failed,2025-12-05 00:36:51.405450
7a764ba1-cf96-431a-9c3e-0149bea0eedc,31ffdd15-dfd8-441e-8874-60743ae3c4ae,basic,22927,usd,refunded,2025-11-28 21:08:51.405450
5b21fb6f-8748-4d2d-826b-9a088b2637c5,0b795df0-39b2-4f41-b696-c11551771280,pro,40936,usd,refunded,2025-11-29 20:05:51.405450
3f1e457f-7387-432c-a6e0-7f40285c7dad,03e510b5-0d0a-447b-8257-4f224b0295e2,enterprise,5636,usd,refunded,2025-11-24 04:58:51.405450
c213098a-6bdf-403a-aba6-41044566522e,cf2a7046-bfe8-496d-b10b-dc990ce7417c,basic,21704,usd,refunded,2025-11-06 23:10:51.405450
5522ea3c-8a29-4e38-8a3d-cbfb763f8830,ddeafd81-2d0b-4e31-aae6-29727b5e929c,enterprise,9344,usd,succeeded,2025-11-14 16:24:51.405450
4778794e-3788-4c61-bc21-2513f31f4d32,e4684a8c-7591-47bd-ad6e-81133db3c556,basic,46141,usd,succeeded,2025-12-01 22:58:51.405450
0a4cc12f-a2f1-440a-92ef-f062ef32217f,3fbc1d3e-d398-4a52-908e-6c50b7678d59,basic,19771,usd,refunded,2025-11-25 08:14:51.405450
7a2c9286-2cbb-45c7-a115-9bf8e9c55e93,393783be-d336-48ee-9245-f5bdc0b4f2ac,enterprise,28101,usd,refunded,2025-11-08 11:43:51.405450
4e0a5696-9bb7-4dac-8e2f-61176f4abd6f,ede8a357-0971-491c-9ec6-dde35bff159b,pro,43837,usd,failed,2025-11-06 00:57:51.405450
642a18b2-11b4-4d37-aad9-bcd903bb84b6,55a2d657-8829-4217-bf68-6e50872f4bdc,basic,24862,usd,failed,2025-11-23 03:46:51.405450
d5517c2e-48f2-4884-b496-917e4e0b0f33,c1da499b-0589-41a9-87f7-2d8e7b57d2e3,enterprise,6441,usd,failed,2025-11-28 06:33:51.405450
5fe79f3c-d738-488a-be4d-1a4d04158aa8,e356b35b-d654-4d6a-be76-5d0261b5d02e,pro,20802,usd,succeeded,2025-11-21 16:28:51.405450
b270b960-1551-4ff4-ae15-06aed19f4bd4,9ade214c-c503-43c4-b6b7-48811be28247,pro,22809,usd,failed,2025-12-04 08:59:51.405450
89d2e671-6453-403f-84af-777ff6b8b968,c69c08fb-2b84-4276-bd0c-704bddba0b07,basic,27669,usd,succeeded,2025-12-04 17:25:51.405450
ed8b92a6-911e-4c51-8b54-414b3235731d,26592e80-cc24-4348-8e3c-4f46e872f9d0,enterprise,31532,usd,succeeded,2025-11-18 22:40:51.405450
b17fda6f-987c-420e-854b-868e4353983b,81a998ae-d975-4f63-ac7c-6dd0ce109492,pro,31980,usd,succeeded,2025-11-26 17:23:51.405450
